,Population
LL56,2299
DE5,113075
EX19,3611
N16,68636
PL6,40941
B75,26863
B18,16739
MK42,44351
WV15,8415
SA19,9662
WC1E,2256
MK15,7140
NE9,37590
NE23,39251
NE25,29944
EX36,8540
ST2,46769
BS24,19035
CF37,38329
DN7,24523
PE23,8681
BN26,11452
IG9,12817
NE63,27735
SK4,34511
BH24,23496
SO43,4419
WA13,12899
TS17,45141
DH3,25799
WS14,17652
GU10,22584
DH9,36733
LD5,1105
WR2,29799
EC3V,16
KT1,250364
TQ3,30796
SY14,5843
BB6,14602
SW15,60665
CW4,9306
SY19,1035
CM7,64200
BH23,52852
YO14,11294
WA14,28237
RG19,16916
B64,16616
L4,58186
NG24,44768
TN35,17270
BN15,27300
CF32,29931
S18,24857
BS26,4934
LL37,554
L36,39899
BL5,27064
RG14,37698
SM1,38274
DT4,37011
WR7,5348
TN38,28714
SE19,27639
WA16,23417
BH6,22725
CW7,31436
PE11,43066
SP8,14512
NN6,33495
GL4,47346
CV23,21968
BS29,2588
GU19,5618
HD2,28726
OL14,15589
OX27,6847
CA18,324
PE5,1453
M35,20672
BN14,31007
WA1,230205
SY12,8001
N2,109700
CO11,12978
ME19,21682
PO17,6635
TN15,24543
LL67,1416
CV31,31562
NE49,4403
SW18,59838
WC1A,911
LS10,35616
ST6,64695
BN6,17588
HG4,26000
EX34,17320
DN41,6279
BD13,24817
LL53,17142
RM9,36253
HU3,27015
SM6,36303
SW19,77453
EC1Y,3928
W1G,3059
EC1R,4891
CF39,28868
NP26,22595
LS16,36388
LE13,27092
B31,53794
RG28,5766
DE75,18589
LN4,38539
L21,25388
SS14,25195
HP22,24984
TS19,37107
DL17,17732
WR1,123913
CO12,22251
NE3,275023
LA1,165497
YO19,12740
LD1,11158
NR34,22370
TN10,16623
WC2B,1831
LS13,34757
NE32,25359
HG1,34465
WV6,44689
S6,301680
DL12,12515
OX9,14034
LS2,252665
YO24,29671
BL3,63944
CT8,7368
KT6,31384
DN19,6296
B49,10097
PE2,269471
N4,47286
CB25,18274
DT1,61086
GL2,80525
L26,15156
EC3A,44
RM19,6532
WF3,32521
TR22,85
NG21,22118
LS23,9149
DN34,19271
TN6,24887
AL8,13366
PL34,1755
WR5,30933
TW11,23198
DN5,40593
N11,29882
CV5,46726
HP2,141791
EC3M,6
CO3,28502
EC1V,13065
DA10,6658
HU8,34941
CM17,21268
GU30,9268
TA13,3961
TQ6,8259
S25,20863
OX11,33280
CA3,14069
TN13,24932
BS16,75733
WD7,12637
DN1,243552
TD9,105
SE5,46752
HP19,23639
HP23,17599
TR7,19909
ST17,39360
TN8,13145
SE8,27491
CO14,6660
YO7,20048
HP4,23922
NG12,32916
SY18,4648
EX12,9306
WS10,46710
AL9,10641
L5,12961
ME6,10235
LA4,26251
W10,33973
RG27,20686
B13,37672
B15,17872
LU3,61454
TA23,5498
LL75,1533
GL16,13281
CV12,31503
LS18,19159
CB9,32864
SE12,27355
TQ11,4255
E15,52244
TN29,13401
CM12,20043
CF72,26110
SA3,78324
HU17,43515
OL8,39680
TR24,175
GU23,6864
CV4,49603
CR2,48428
SR8,35443
RG26,22373
BB2,59842
GU47,18860
LL66,264
ST8,20197
EX15,21043
SR3,38726
HX5,10037
SA41,1943
B92,36119
CM3,53826
SN10,31537
DE72,20453
N3,26599
DY7,8028
PE35,99
IP19,9968
NE65,19671
SG19,24199
EX32,23896
M3,225185
CA2,95801
SK11,36888
SG16,6091
AL7,33974
GL17,11547
RM2,18222
WN4,28794
WC2N,861
TW7,37643
YO16,25109
TF11,9677
NE22,18163
OX49,4243
DL5,29224
BH21,40648
TS26,25279
BL4,33688
IP15,2444
RM12,34663
IG3,35543
IP14,39112
PE28,47969
EC4R,39
NE34,52220
SA12,32650
PO16,32612
NG2,204375
WD23,25347
NR28,17342
TN36,2330
BS27,6996
SA31,17254
DH7,41076
NE19,2159
TA21,18339
PE34,13975
NE39,8655
CB3,16104
B12,20548
DY1,140539
PE32,15322
CA17,4827
TQ1,134595
IP27,19018
YO8,43547
CV34,31269
PO5,30299
EC4V,446
WC2E,647
BS1,238211
GL11,18185
LL34,4347
SG1,198726
NN7,27341
NE15,32569
TQ8,2059
GU51,23398
SE24,18761
TN1,181785
SY6,7014
PL20,12084
WF4,43092
DN37,21707
RH3,4313
HR2,39167
B70,27772
EC1M,2138
BD24,5180
DT8,5893
SO23,22106
M38,13549
BN42,10201
HU12,25490
SK12,19049
MK19,11204
KT16,18494
W14,37204
E5,47669
W3,52043
CR7,44620
CT18,14357
NN14,43207
SA10,30071
M41,41476
B94,7298
LL77,7085
LN5,32968
E18,19022
HD7,22497
B14,43099
BN2,271943
ME10,47660
NE12,34659
S43,40574
CM2,151198
NP24,4962
PE6,35888
PL4,36388
WA11,40578
SA62,20896
GU32,12114
SW4,40539
SE11,21593
CT20,22601
TN4,48679
TA9,12579
S70,38536
DN35,34580
WS12,35108
BD4,31147
DN14,46333
RM4,4290
WR12,5576
PE31,19911
IP24,27836
WR15,7196
BA3,34598
ME15,47958
TS8,21266
SE20,22821
PL13,9404
OL4,44266
DA6,10054
BB3,34200
DE56,39818
SA45,1642
CA24,1036
LL55,21444
RM3,40272
ME17,22067
CB5,12092
DA11,38618
CW8,35261
SY11,26716
KT23,11054
NR19,20332
S75,43568
SS16,29575
FY8,43864
NR4,22331
B71,30934
M12,16377
NE35,6371
EN4,25767
EN2,29515
EX35,1677
S80,29926
LA8,8697
B17,25625
TQ10,3777
YO21,14415
E17,103402
SO14,27233
OL13,15300
NG6,37861
YO30,26723
TS20,20846
WF1,251814
CO2,34768
HR4,29989
WV14,46937
L38,2575
GU16,23574
WR9,31012
NP44,47345
BD1,199639
TS25,38618
E10,42998
SE9,63082
SW7,19685
ST18,16611
IP32,16905
B48,5685
SY17,3749
GL13,5699
DA8,34767
NE46,15573
WV8,15926
WV16,17634
SO16,66350
NW10,91959
SW1H,694
DY4,43166
PE16,10435
B34,18941
NN11,37441
BD10,25694
LL38,724
CA11,22135
NR25,8851
M21,29233
CA27,1660
GU4,49626
HU1,183662
NG8,63920
W1H,6371
NP25,15444
NG25,8993
B65,23581
BH12,34966
BN45,580
SE4,28613
TF7,17769
NE33,27376
PL31,14575
CA13,15012
SK14,46308
TN30,9412
LU5,38037
NE64,6248
BS32,24543
B16,23619
HA7,36046
GU18,6891
SW14,16718
CF36,15843
YO10,30543
DE65,23075
TR16,15038
E4,60262
DL7,16087
PE8,17757
IG6,27824
NE10,36136
PL26,26591
RM13,29013
BS5,52461
DA15,29123
L2,179450
SA6,95467
CH5,42439
RG25,8495
LE11,60318
SS5,21851
SO17,19431
SY16,16021
GL56,8565
CA21,814
BL1,63209
DN9,19800
RG12,52209
B95,6000
LN12,13244
SN13,16489
IP18,4055
SA13,19517
M33,60011
KT21,13465
KT19,34520
M23,31040
PE37,10218
B3,279341
YO22,8538
BH13,8246
DE7,119356
GL50,22687
PO32,8017
DA14,21882
BN8,16105
PR25,30710
SW20,28423
SY25,4400
SS3,28501
NW6,64352
M7,27938
WS2,38872
TR27,14776
L3,242711
WR6,12216
BA4,17781
RG20,19256
PO31,14535
OL15,14635
GL1,164958
BH5,10816
S64,30809
RG22,41986
PL33,1911
CM21,10865
CH60,13256
SK3,27923
NE61,32468
BN25,23670
LE7,44745
NG5,87171
NW1,185476
DE73,19046
NE71,2966
RM7,28008
SG10,2089
B61,24316
LN11,28197
N15,44569
SN26,1763
PR8,53876
WA10,38525
L23,30236
N22,43025
TN28,8645
TR19,8973
CA9,2138
DY14,8235
HP6,14150
LL51,888
TW3,39598
SE2,261425
SS15,29968
RM11,31339
SS12,18069
WD19,27538
TR20,9524
LL78,502
EX6,13740
RM5,19022
SL2,53215
B2,282781
M46,22298
RH20,24754
WV7,6897
WR4,26127
WC1V,546
LL47,537
IP1,187430
CW9,33157
NR1,217161
DN18,11932
LA2,38846
SW17,64566
SA67,6938
DE3,17098
SW1Y,633
TS11,11822
HP16,11956
EX11,7999
SO45,34996
CA26,3608
LL36,4660
CT7,11566
B36,35132
B40,9
SP3,11317
HP8,6895
TD15,16927
SP4,31302
HX7,13442
DN3,189617
RM15,27444
L8,32383
SA38,4513
TS7,22058
WR11,41600
TQ7,16304
WC1X,8114
LA15,7913
HU18,8603
LS9,37383
FY7,25939
LN6,57576
HA1,38479
WS13,26375
L17,24048
DL11,5035
DN33,19536
LA13,19084
HP9,17213
YO25,33428
HR8,14179
BD18,27292
E13,46913
CH2,34317
PL25,25538
W7,28947
BN10,18568
TS6,30255
M11,20281
SE6,53103
LL25,501
NE40,15753
DL3,44095
PE15,29869
WF13,27521
NR35,10883
PO3,150406
SA20,3515
LS12,40736
DA13,14194
MK5,15571
EC4Y,216
GU3,104841
BS21,23308
SE10,24343
PR6,34641
NG23,17435
CM11,19283
DE12,20693
FY6,27751
S9,27903
SY3,33658
YO31,29605
NP7,26033
WS9,26509
IP4,36429
SA40,3098
PE4,28267
TS12,22493
SW2,82805
S81,37451
N1,481005
SW13,15873
B76,21509
WR13,8274
YO18,10870
IP13,18034
NR15,15806
TQ4,18517
SE14,24781
CH62,28673
NE42,12643
NG15,40113
PL8,5587
HP13,42816
SY23,30914
YO17,21248
TN7,2275
HD4,30174
TW15,27824
CB24,32900
BR8,22053
SN11,22500
TA3,14239
ST12,3597
B74,32012
SW11,70601
NE21,17260
PO19,30203
PO35,3657
LE15,32521
IP22,21704
NP23,33385
BS49,11776
DA3,16791
HP11,14229
SA37,1399
TA12,6280
TQ5,19058
MK40,31008
PO34,2004
BH8,28262
LS8,47805
SO40,41930
OX25,10085
TS29,6313
PE9,31075
CO5,28207
SK13,33104
M32,28434
TF12,5378
NE1,174894
CF82,20162
SL0,11149
IG11,53851
GU5,50172
N5,24725
WD25,27711
AL5,30486
SL4,43302
CV11,39525
FY1,33551
LN3,8884
GL3,30277
RH10,65902
WD3,40833
YO61,13914
BR2,44958
LS4,9003
M20,49328
WF5,21233
GU14,55174
CW12,29317
BD11,10971
DH5,19570
CO7,32912
LU4,51547
LS29,31753
PL5,43236
NP19,51656
WF12,34490
B6,283179
LL23,4136
LL71,1865
CH65,26411
NW9,60680
TR18,19636
TS2,183039
EX24,3728
LE19,14788
TS24,22255
HA6,21901
LE67,58824
MK44,15456
BA5,17731
PE30,44130
CO8,2282
BA16,13011
HP21,33493
OX5,23260
DA16,35896
RM1,299327
NP15,8289
B80,7055
LL16,15874
B37,35875
BN9,13423
KT24,9040
MK10,13825
SG9,9510
KT18,17000
SE18,77895
CV13,10552
DG16,58
RG45,14220
DY6,28148
L25,33214
NG7,57680
PR9,42860
CV7,27633
BN17,28542
EN9,23599
AL3,28025
WR8,8093
SA63,1263
LS5,8755
L14,25824
BA2,136583
TR26,11681
CV33,6256
LL57,27588
SS4,20773
IP12,24344
TW17,14101
OX20,4821
SN6,21218
SA33,12607
CM24,6752
SK10,39380
EC3N,257
LL28,14145
MK6,28199
HU4,23115
CO10,46604
SL7,21059
S74,17839
CH46,25269
NR27,11808
DE45,8764
BS40,12549
CM0,15970
PL1,144317
WD5,11491
EC2N,5
TQ13,22793
CW3,9165
CF83,55304
LL68,6115
RM20,4982
WF8,32358
HU19,7120
SA61,14487
ME5,51800
SR4,41794
PL19,16443
IP17,10945
SG18,23938
LS24,11820
RG24,31488
GL51,51464
GU6,14491
SE13,41417
TQ9,17436
S32,5815
WV9,7108
EC1N,2639
B97,33402
B68,30924
HU11,12361
NE13,12472
OX17,17199
L29,435
ME12,36893
B93,19505
TR13,19808
ME11,3398
TA17,513
B5,17673
CF10,15465
NG10,46882
SN15,35164
DT5,12844
NR24,4409
BD8,31893
RH17,18956
AL6,11181
PO13,34971
BB7,31641
OL1,223900
OL3,15192
CH8,20493
BA8,4165
PO14,32372
S14,9424
CO15,43475
CA12,8047
PE3,169574
CT4,16595
RH2,50873
TF10,18828
BS36,15654
LE2,119003
CA20,3312
WF10,45279
PR5,40905
BH14,23785
CA28,28849
LS7,29437
EN6,29082
W9,37724
S17,15483
OL6,28681
DA4,9286
SS9,49984
BB8,23032
EN3,57042
TS16,10422
CT14,35248
SL5,24177
LS14,34042
GU46,14823
BN22,32826
SE15,64134
ST3,67689
CO1,183189
EX16,32234
HA0,48931
SO19,55999
S2,143891
DL2,17209
CM13,24715
YO26,30456
HX4,12143
BH18,11861
SA47,1136
BN27,27232
SM3,21113
CM5,10544
DA1,268436
LD4,817
B35,9931
B33,34483
IG5,16959
DN32,29968
CM14,19453
DY11,30311
NE36,6839
BA11,32633
B9,260922
SA32,7540
ME13,27727
BA10,3843
NR5,28834
NG19,51663
SS0,41212
WC1R,599
WC2R,138
TA19,11693
TQ12,53132
PO4,50953
B11,44391
LL64,1001
CT6,38595
EX38,8264
TS27,12193
CA1,148029
NW7,25796
LD3,19501
LE8,34954
SK9,37930
BH15,33212
NP11,37446
L28,6376
SA43,12896
TA20,20230
BH20,20134
BH31,13310
SA46,2666
PR7,55673
S1,207712
SP7,13780
KT9,21099
BD22,29891
LS28,38405
SA71,10342
CH7,50264
SM2,28293
WN6,39800
WF9,39243
S3,98762
E1W,12691
HX2,35994
DE23,59979
BA9,7201
HU9,42152
TR23,84
L16,15039
SN3,51663
LL52,2770
RM14,26909
LD8,4404
WR3,20397
LL76,280
BH25,25809
BD5,32021
SO32,19871
NE6,167383
SA73,20364
EN5,37724
L7,18425
OX15,18023
WA7,62819
NE30,22006
CV35,24537
IP29,8811
CH49,28896
EN1,84360
RH7,8579
SN9,8070
PO11,17379
CF47,21974
SO21,19762
WA6,18984
LE4,96921
LA5,16353
PO30,30172
IP21,11054
SK6,50706
TW9,21557
HD1,23788
LS11,34737
NE44,1074
GL10,13780
CH66,35057
DE74,11268
L11,25337
NG14,19375
SK1,264974
PL35,939
OX4,74397
SA4,90570
DE14,28975
CH1,30527
GL55,5175
NG20,26247
SA64,2379
SY13,19220
SE17,32866
TW16,20480
LL59,5611
CH4,262370
PL29,1060
CT17,21846
LL15,10316
TF8,3027
CA6,8861
DN8,17578
ST10,25399
CR0,153812
NN5,38058
TD12,1289
MK45,43277
LL22,17890
NG9,73336
MK16,18622
CR5,28766
NW3,52376
DL16,19751
BH11,19783
NN10,38277
WF7,20259
BA7,3655
N8,39674
SA39,2610
CA4,9189
E7,54565
BH10,20068
CA19,1112
LE9,55170
M5,18458
LE10,47511
NR17,15801
CF3,274633
TS15,12893
WS4,17015
BA14,48041
M28,39143
CH47,10998
IG10,31515
TR21,1723
DT3,23389
EC2M,99
SG4,28916
SA72,10509
BS37,38080
BS15,47398
OX14,44282
YO51,5543
SL1,70367
SG6,33250
NN12,23047
CV2,156198
PL28,4515
SW1X,6505
LL32,6502
CF43,11884
PL10,3453
DE1,172287
L31,30659
LL74,2389
RH19,33639
SA34,5019
M30,36165
B96,4968
NR32,38637
BS9,31160
TR12,9482
WS1,232078
NG17,72893
GL53,19968
SM4,36338
DT9,20768
SS17,32518
MK43,32869
TA18,10136
BB11,22428
CM18,24494
NP22,22058
EX33,10259
CM22,13712
BS48,23193
B42,24262
W1F,1584
S45,13727
YO62,11979
PR3,37542
SO20,8119
TW20,24931
B21,29626
SN4,27358
NE31,20159
M27,41624
LN13,7801
SW1P,12968
CM6,24941
DN10,12313
HP1,216822
WA4,47002
SM7,18559
BN11,32770
WF14,19892
SE1,454855
TR10,11134
PE25,21731
BD19,22059
BD17,17992
OL9,40889
SY8,18854
SK5,29538
N19,33790
CA7,23057
IP31,21110
BD14,8860
OX12,25229
WS7,29655
B67,29853
PE29,29589
CR6,9881
MK17,17255
IG2,28254
IP20,7810
EN11,21478
SP5,22247
W11,31734
EX7,12502
ME18,6968
NR9,17160
SE23,33687
ST21,6045
LE3,101091
SN12,25105
HD8,34313
M60,1212
NG32,12992
WS3,50116
WV11,34832
BN1,311668
DY10,35670
WA8,61866
L24,15951
S7,214929
HU10,19230
S35,41385
IP30,13753
WC2A,151
YO41,10963
PO2,142534
SK23,17180
PE1,294263
S21,20778
CA5,6757
NE62,9507
TA16,1893
DT11,30122
TR17,1557
TN21,16184
LL46,1856
WS5,21540
CT11,29228
SN14,28067
NR6,24173
NE28,44661
BN18,13232
PO6,40656
UB8,36152
SW10,18510
SE25,34521
RH9,5495
LL61,6335
NR21,15894
CF11,36147
M16,35559
WA2,40666
SR6,30277
GU25,5712
RG29,7198
B60,27178
CH42,31287
WV2,15148
SE22,29687
TW12,23229
BD15,15713
IP10,3209
TF3,23831
NE20,11838
TW18,25462
NP20,50668
SE27,21412
HP14,17365
TF13,3721
OX44,8096
GU8,17656
SW8,36782
S44,21703
TN22,26429
BH1,221177
SW1E,942
TR9,8402
CH44,30010
IG8,35894
W4,44335
CB22,24052
SA44,11421
GL54,22250
LL60,2817
LL11,38030
NR16,12051
CV10,49986
WD4,11247
BL2,46068
WS15,36611
W1T,4304
GL18,7746
SS1,200555
DE11,43750
NE69,417
NR23,3067
CF48,27177
NG18,42281
B79,22302
W6,35739
BN41,20832
SA7,65751
SG12,29711
ME1,307003
CF33,14645
RG2,233854
BS28,3339
SP9,10664
BH22,26791
CF71,8906
DN36,19200
WF6,21358
WF11,17083
M34,46119
SA2,42061
CR9,339
EC4N,13
LE14,17268
IP7,16770
B28,30345
CF46,14291
CR8,32307
M19,34838
LL49,4502
TS18,24719
NE67,969
S65,35222
SW1V,23153
TA6,46088
CB4,41924
CO4,47821
GL14,15241
E9,38442
GU20,4329
CF63,21734
SA66,3200
SO18,37078
SN2,78109
M25,31276
CB11,17833
L22,13815
DN31,9600
DN16,31759
CT12,17774
NR2,135644
DE55,51182
W1U,5261
DA5,20525
NR11,17536
EX23,15620
HP15,17494
SY21,17136
YO13,9923
N18,31954
RH16,33930
YO23,19389
WV4,34296
N12,28757
LD6,2857
PL17,10073
GU26,7355
TN26,11194
SY4,24804
TR3,12212
WS8,15660
M9,39434
SW16,81560
DN15,36607
EX17,19490
RM10,38157
DN2,117056
PL30,10302
NE4,109832
LA11,9827
CR4,58289
LL41,6472
RG30,43731
TQ14,19377
FY5,44800
PE19,43793
CA22,9284
RM18,16728
NR18,17462
CM15,23277
SN25,35153
WD17,15828
CH3,32095
W12,48327
SA69,3707
EX20,20125
LE6,84959
M6,33826
OX7,22913
PO37,9225
NG3,156304
PL18,4896
L34,12271
DN6,31103
ME7,51311
SO22,28546
TS13,10270
SE21,15257
ST7,53470
RM16,41165
N6,19548
LA18,8947
DY2,34384
SK17,31914
S73,26977
NR10,22761
EN7,21884
BD2,156821
LL14,33617
YO1,204629
DT7,5462
B47,9560
CM20,21241
LL58,3883
BH4,9565
TS10,37249
NR8,20321
UB5,45703
DH2,30650
BS41,6120
IP23,7224
TN16,19095
AL10,35391
HU15,24215
DN22,35943
EC2V,24
ME14,31416
SE26,28561
WN1,19742
HU20,946
M15,21967
LL33,3906
CT16,19793
RG23,12114
DA2,22446
HP10,19395
SA16,8620
NE7,20370
S60,38007
OL11,45593
BS22,37701
N21,23584
TF1,74883
TR6,3507
LL12,28346
HD6,27293
GU34,29884
BA21,33314
DL13,13901
PE7,42722
CW10,14790
HA9,47692
SO15,41754
WR10,17746
LL26,4528
GU35,22680
RG7,31485
WF2,50906
GU31,11026
BH3,18945
IP33,24397
PL21,17741
HP17,9643
GU17,10884
YO42,14451
DN11,28376
M14,53136
DN12,24164
LE16,34458
TS21,12493
M31,8391
SO31,44742
IP8,10817
TW10,19585
SO50,46444
LS22,15747
SR2,33443
WV1,226853
TS3,29393
LA19,1048
S71,45219
BN21,24790
NE68,1975
SA11,36624
DL8,18242
SG7,13333
TN34,29925
BD6,29771
NE24,37946
DL4,10013
B38,21061
SO52,6973
SW12,31390
SG13,16263
CV3,239981
EX37,3562
S41,36451
TN33,12550
UB9,14336
RG5,25444
NW2,67621
BS25,6388
OX18,25347
DH4,33367
TN23,39724
SA48,9225
WD24,21827
EX14,20810
NP4,92310
B50,5517
S33,4974
B72,9660
EX10,16778
SE16,45864
BS20,30042
LA7,5110
NR14,23681
DH6,33466
GL9,2587
LA23,9101
NR31,49980
SG3,7127
TA11,9093
NE29,35988
LL39,236
NE41,2076
DY12,12059
CW5,29327
NR3,224944
TS5,39396
SS6,32038
BS13,29574
TN40,17390
CV9,21268
GL52,42962
SW3,22381
BB1,178099
BL7,15290
NN15,34455
ST13,28147
EX13,11722
BN43,22438
BS30,30093
CT1,243915
OL7,16831
RG21,26824
BA15,12995
NN18,32717
YO60,4583
MK9,3492
BA12,28544
SP11,23381
TS1,246998
TW5,29306
S61,35866
RG18,19725
LL43,487
UB4,39573
NN1,313451
SO51,27163
SG11,8088
TR5,3803
LL20,8127
PO41,2183
BS39,15391
EX22,10653
PO12,47769
SA14,33717
TR8,8221
KT2,109332
CV22,35785
B10,26004
E16,45105
KT10,21049
BD9,28532
LL54,11380
HD3,29493
LE17,20773
PL32,4148
CO6,28541
TW13,36147
PR26,15387
TF9,25488
PE14,20859
DA12,47020
ME4,30269
WN7,47823
L18,28154
OX10,26529
BS7,40530
LS21,17846
B98,49783
SR1,5336
TN31,13658
HA2,55524
DE21,57024
SY7,11160
DL10,18878
M4,181136
RG10,18179
GU12,30938
N14,30241
PO18,13225
LL13,34888
GL15,20759
HA3,70816
M43,23037
WV3,29731
CB10,13788
CF62,41719
N9,51449
M50,3168
S62,19772
TA24,18662
PL14,22867
RH13,38023
LL48,2603
B91,33280
WV10,56292
SW6,65263
DL6,15662
CA14,35832
HU13,15073
KT4,28690
ST14,20789
DN17,37207
LL24,2056
TA5,10266
CV1,162490
UB2,32365
GU21,50243
CF15,17987
TA4,19188
WF17,43395
BS14,28656
L13,30949
SA42,2248
LE12,61909
NE27,12335
NG16,63697
HX3,45444
BH7,11495
LA12,20048
CT9,43290
DY13,22334
LL18,40469
OX29,23068
EX9,6834
SY9,2821
LA16,3345
BA1,199985
FY3,32027
TR2,47780
PO8,33988
LL42,2545
WR14,34290
LD2,5645
PO9,48666
SG17,12320
SN8,23983
WC1N,7084
PE21,42868
L33,17006
SA68,4179
HG2,33033
DT2,24674
HR3,7515
TW14,27986
HP5,25277
OX39,6901
SA17,8976
CT15,13205
PL9,27953
CF81,16329
WC2H,2932
BR4,19367
IP26,9016
CV37,40439
PE22,16823
GU7,22785
RG4,134125
CA25,6091
TS23,30242
TN14,15075
EC4M,140
EX5,18799
PE36,6362
SO53,32472
CH6,187375
B8,49333
PE33,15805
LS15,34715
RG8,18698
KT13,21712
S5,60467
SS7,49121
LL65,23565
GU27,17810
NG4,40807
NE26,19169
IG4,9455
TS22,8662
NR26,8416
NE45,3707
SO42,4978
LL31,9344
BL8,36175
S63,37908
CF44,39187
TS9,12832
CB2,139915
BS10,27876
M8,30934
NG1,442163
NR12,20479
BN23,28243
DH8,38382
PL11,10495
NE16,25671
BA6,12840
WC1B,1403
YO11,23199
TN32,5169
CO13,12280
NP16,23802
BN12,20417
WA15,42778
NN13,18522
MK2,14296
SA65,4401
MK41,42499
GU28,6781
BL0,17204
HP18,13534
NE66,17479
EX8,37440
GL6,24491
CO9,25189
LU1,43445
BL9,47942
SA15,36976
BR7,17322
OX33,7555
PO33,31004
BD21,26636
E3,52181
WN2,52672
SG14,19110
B90,45652
CT10,24962
GL8,8538
NE38,31232
SA70,9523
B63,36590
LN9,9687
OX2,145251
RM8,38998
LA20,1229
NR20,19149
B66,21491
TR4,11143
KT17,23409
MK18,30581
SK7,40669
LA14,38236
PL22,3642
ST15,21313
E11,55128
CB6,38016
CM8,33021
HD9,35313
LN2,38730
KT8,19534
L15,30024
BS31,19955
PL15,20082
WN3,30189
HR6,20525
NE43,4533
RG6,36839
B20,34752
M17,17
LL62,1694
CM77,15475
PO38,12751
PO21,39544
TR14,24584
LE1,362880
SA36,366
SR5,34639
MK11,7754
RG9,23037
CF42,13423
SP10,40508
HP3,31930
TA1,96031
RH1,385804
S66,45857
LL63,1339
S13,30708
SL3,45192
LS25,40227
B24,28280
RH8,15274
B43,28796
RG41,28230
YO15,14085
DA17,17129
NN16,29722
LS1,337128
PE38,14856
SL6,77532
L1,256301
CV6,86375
HA5,44781
DL9,15753
W13,32428
EX1,167236
GU29,9105
M1,241589
PE26,11766
SY1,132417
BS4,101631
HU2,5080
TN3,177343
CA8,10213
SS2,36426
SY22,8854
BD23,29515
BA13,20306
L40,18095
E2,46341
HG3,26342
S4,189554
NR33,39592
NN29,11532
NG33,9709
W1B,549
SW9,43845
WS6,18283
UB3,48474
N17,62963
L37,23502
TA15,749
TQ2,34088
DN38,2886
PE20,14123
NR29,20019
AL1,71682
CF41,10724
DN4,72236
NE5,48390
PO22,28875
CV47,16836
DE4,42229
NE2,296275
WD6,37673
LL21,6442
OL16,37247
RH11,54793
BA20,11240
LL40,4210
DY8,50208
CF64,36348
DY9,30036
BR3,47411
HX1,24249
PE24,11679
LS26,30320
PL7,31533
LL30,22010
HU14,8251
LN1,83480
ME2,59913
TS4,17083
PR1,72238
CT2,70845
WN5,43845
CF14,77766
CF38,23088
HX6,18828
TA22,2660
IP11,29294
AL2,23335
HG5,18374
PL27,12081
TR25,136
PL23,3410
CW1,108781
ME16,30089
DE15,24099
CM23,40376
NW8,34166
TR15,19549
LL19,19929
NE70,1813
SN7,13408
W1W,4014
DA18,4851
L27,6415
SL8,6382
GU24,17561
LL45,708
ST5,82261
LS17,43193
LS3,4968
EC2R,13
SG15,5584
SW5,15276
HU7,42175
BH17,22518
SE7,21050
PE10,22036
SO41,31338
HU16,16399
ST1,240306
TW2,55207
SE28,29389
UB6,51088
BR6,46073
CH64,19027
RH5,16472
EX18,2958
ST19,14850
IP3,110473
B30,29541
BB18,17063
BS2,184134
LN8,17235
BD16,25630
CT19,28525
NW11,32607
MK8,12054
PO7,39953
SY5,20711
SP2,28825
W1J,1396
IP9,11491
NN9,26248
OX13,13497
GL7,42660
B32,38357
BB10,37183
TW6,16
M29,22792
SK8,58434
M2,368914
CW6,12302
LA3,24587
NE48,4387
S8,113288
LD7,4738
SA1,293953
S20,31211
BR5,46011
CF61,9772
RH14,14175
BA22,18102
TN19,5051
NN4,46746
YO32,28568
BH16,15430
KT3,38090
B27,25331
HP27,12489
L20,31529
CM9,33205
W1C,48
CF24,55163
M26,34902
TN25,15709
BD7,35214
RM17,27310
M22,42234
BN13,27568
TS28,5318
BR1,55962
TA10,9334
HR9,20946
DN40,12234
LA10,3767
LS20,12319
DT6,21669
L12,31096
TN18,6619
CH41,18677
CF40,20541
PL2,148566
MK46,9105
N7,47204
DN39,2785
E12,41869
N1C,7
EN10,17203
DA9,13023
CR3,28794
DL15,22472
BS8,26345
NG31,44279
BS3,231989
CH45,30795
BN20,21401
SN16,13717
RH15,31286
CF23,46988
LA6,12941
S42,28248
LA22,5022
CH63,30558
CF45,19550
SP6,14104
HR7,7017
B77,57219
CT3,17465
EC4A,336
SS8,38170
BN3,79624
PE13,35183
HU5,51120
BN7,21125
TN17,14467
DY5,42246
B4,162654
NR13,26711
PO40,5519
CV36,9415
LL35,865
SN1,202032
EC3R,98
LL73,233
B46,12188
WV13,20903
N10,27537
CV8,30759
BB5,61420
GU33,8403
EX39,37177
LL27,757
UB7,29749
M40,41226
HP7,10592
LL29,20433
TW1,260359
SY2,90513
CB1,80206
BH19,11316
LL44,1028
SG2,42070
OL10,27886
GL12,15247
MK12,12480
B78,24227
NE11,16457
L9,32586
CA23,1492
W8,20427
DE13,40327
GU22,33075
BH2,198161
M24,47254
S12,34897
KT5,20856
NG34,40829
E14,82542
N13,31712
SA5,36390
CW11,22321
LL72,820
BN16,28131
B19,20204
CA10,13928
BD12,16821
SA35,794
NP12,33802
CM1,256689
HR5,4823
DE6,48677
TN20,3451
NW4,32026
S72,25333
M45,22714
OX16,46709
MK14,18720
HA8,66380
B25,15861
CT13,8673
PL16,1889
BD3,33336
PR2,124829
DE22,46003
LA9,30644
BB9,44588
WF15,17730
GU1,243901
LU6,31299
NG13,21475
AL4,27221
GU15,35008
CH43,38582
ME3,26479
NR22,906
ME9,20628
NG11,37614
CA15,16110
TN27,12503
IP25,18164
RH18,4558
TD5,10
DN21,37066
OL2,42194
EX3,140503
OX3,57923
BD20,35800
TN9,17556
DA7,34811
B26,32458
LL70,269
NW5,31239
M44,19710
SY20,6917
WA5,58499
CF31,44829
B7,284123
LN7,6042
CF35,16356
RH12,43862
W1D,1242
RG31,27996
L39,28093
EX21,4405
GL20,28354
PL12,21886
NE8,33219
PL24,10447
SG5,31350
YO12,40749
HR1,32147
KT15,27040
WF16,12296
MK1,156951
SY24,4707
EN8,35807
W5,50008
RG42,25786
TA7,15166
BB12,34620
BS23,34073
TN37,20670
CH48,15271
WD18,24344
SO30,32351
TN11,13928
SR7,31185
CB7,26687
OL12,46225
OX28,27577
B44,37447
SK22,12221
E6,78955
DG14,7
TF5,5372
HP20,14748
TA8,16782
LA17,1146
WA3,47610
WA12,22189
KT11,15328
SW1W,8123
IP6,16150
IG1,148951
BN44,10188
WV5,15539
MK4,240296
SY15,5408
B29,42615
NP8,5345
CO16,23608
B73,23071
HD5,31246
PO15,22526
PO20,32471
GU11,23895
BS6,33615
LA21,1062
IG7,19996
SA18,29743
NP10,23424
PE12,39834
TW4,27902
TA2,92069
CA16,6187
CT21,17215
RH6,29479
M18,23432
E1,558746
SO24,11417
ST20,6677
WS11,42680
UB1,73973
LL69,735
RG1,203210
NE18,959
BL6,29345
S10,48217
CM16,22217
M13,23642
LU7,53832
KT20,20281
OL5,10957
UB10,33625
SA8,12491
SL9,21032
PE27,19930
HU6,33959
SN5,32957
CF5,66021
GL19,9216
S36,27448
B69,29011
PL3,64495
SK2,58855
WC1H,8272
KT14,13236
TR11,28734
BN24,9155
CH61,17323
IP2,186462
TF2,38698
LE65,14162
FY4,44072
RM6,32913
W1S,299
DN20,19373
CB8,33343
MK3,22626
CF34,20616
NP18,17281
CM4,10032
IP28,24799
PR4,57802
SA9,15068
L10,14965
TN24,31580
MK7,14550
E8,39275
BH9,30964
B1,284287
CM19,19307
NN17,26796
RH4,15634
TN39,25809
SW1A,415
S40,34971
TR1,179084
RG40,26725
PO39,2532
NN8,49069
YO43,12311
IP16,6560
CT5,32988
TN12,29517
NP13,20069
N20,19211
L19,23769
TF4,18285
ST4,57096
BS35,21918
KT22,23919
SP1,85531
WA9,48831
SG8,38197
TS14,17548
SK15,27625
W2,47710
DT10,11901
IP5,19861
S11,34269
EC2Y,3155
TW8,20330
EC1A,878
NE17,4890
CV32,32673
DH1,49987
S26,25865
B23,42858
OX1,275714
HA4,50128
BS11,17430
GL5,204076
L6,23672
BN5,7123
LE5,85629
ST11,9827
NN2,49652
DL14,37329
SM5,38291
NE37,21034
LS6,47533
EX31,25086
TN2,207325
ME20,20645
LS27,35682
ST9,11933
PO10,18268
NG22,26156
DE24,54397
BB4,41140
ST16,30791
DL1,194449
L30,19983
SK16,19475
SY10,15318
SE3,31755
NN3,68995
MK13,18739
CV21,35141
EX4,55148
PO1,285085
FY2,24589
CB21,15487
L35,30730
CW2,40752
L32,20597
GU2,192811
W1K,2964
BS34,29908
GU52,16070
KT7,10284
DY3,34092
NR30,30729
EC2A,1510
KT12,36293
LL17,5410
LN10,5977
GU9,29837
ME8,49253
OX26,33160
RG17,15203
B62,24112
LS19,19898
EX2,95199
NE47,7734
TN5,8752
TA14,3079
LE18,32873
WN8,46291
WV12,25417
UB11,2
TF6,5183
PO36,16666
SS13,22057
LU2,56481
SS11,16804
CB23,30941
TW19,16280
B45,30273
NR7,32050
HP12,22148
